baseTick,quoteTick,bestAsk,bestAskSize,bestBid,bestBidSize,price,sequence,size,time
1EARTH,USDT,0.031137,22071.0768,0.031135,45.8708,0.031136,1637760515358.0,56654.6763,2022-04-19 22:13:57.266
1INCH,USDT,1.323,2048.4299,1.322,2.0045,1.322,1613403936674.0,0.1177,2022-04-27 19:37:33.257
AAVE,KCS,8.6518,0.0153,8.6082,2.8,8.615,1615523198123.0,0.019,2022-04-19 21:11:46.563
AAVE,BTC,0.004304,0.0453,0.004297,2.8712,0.004299,1613265772380.0,0.0065,2022-04-27 19:41:03.808
AAVE,USDT,179.968,1.4068,179.88,7.0,179.85,1614262301290.0,0.1363,2022-04-19 21:11:46.710
AAVE,UST,181.237,1.4068,180.883,3.8671,181.084,1613009740704.0,0.1234,2022-04-19 22:27:02.726
AAVE3L,USDT,0.078102,14.2934,0.077672,4821.9024,0.078,1636550371039.0,50.0,2022-04-27 19:42:10.145
AAVE3S,USDT,1.5581,266.0,1.55,232.5165,1.5579,1636530286181.0,20.2198,2022-04-19 21:11:46.645
ADA,USDC,0.942817,254.6576,0.942387,742.5501,0.942798,1613948311795.0,100.8118,2022-04-19 21:11:46.707
ADA,KCS,0.0442,817.7445,0.0441,351.8093,0.0442,1615120443738.0,0.0009,2022-04-27 19:25:47.362
ADA,USDT,0.840578,430.6293,0.840385,1314.3696,0.840386,1621877038575.0,23.2082,2022-04-27 19:38:48.575
ADA,BTC,2.288e-05,3614.1594,2.287e-05,6.2449,2.288e-05,1613708296217.0,0.7472,2022-04-19 22:16:15.188
ADA3L,USDT,0.010153,36100.0,0.010114,5262.0264,0.010114,1621859276286.0,263.5895,2022-04-19 21:11:46.537
ADA3S,USDT,0.7574,2539.1331,0.7527,2539.1537,0.7543,1621770266945.0,1609.3196,2022-04-27 19:44:25.036
AERGO,USDT,0.2424,3244.6664,0.2411,18.9667,0.2411,1632859434651.0,6.2683,2022-04-19 21:11:46.656
AERGO,BTC,6.1e-06,7968.6479,6.07e-06,2018.4437,6.1e-06,1612794916089.0,336.9999,2022-04-27 19:42:10.156
AGIX,USDT,0.10698,627.3413,0.10664,482.3114,0.10698,1629135007816.0,18.6202,2022-04-27 19:19:47.433
AGLD,USDT,1.264,954.1151,1.2616,91.0817,1.2654,1634361568314.0,3.8462,2022-04-19 22:13:57.259
AION,ETH,2.93e-05,513.414958,2.85e-05,1611.0,2.92e-05,1615007276431.0,799.028947,2022-04-19 22:13:57.278
AION,BTC,2.12e-06,2551.212574,2.07e-06,928.383242,2.12e-06,1612757739163.0,3.858254,2022-04-27 19:09:04.456
AKRO,USDT,0.0115175,13500.0,0.0115108,92.0507,0.0115369,1613062126087.0,27000.0,2022-04-19 21:11:46.497
ALBT,USDT,0.20818,145.0,0.20746,587.3195,0.20818,1622353634102.0,101.8398,2022-04-19 22:27:02.728
ALEPH,USDT,0.261724,0.6745,0.26123,4.3453,0.261289,1612782388376.0,568.3362,2022-04-19 21:11:46.405
ALGO,KCS,0.03602,1313.601,0.03596,0.0007,0.03596,1615436478601.0,11.707,2022-04-19 21:11:46.463
ALGO,USDT,0.4479,1160.0,0.4478,567.609,0.4478,1614540598097.0,2.6292,2022-05-14 22:37:37.193
ALICE,BTC,0.0001515,0.1537,0.0001513,37.2517,0.0001514,1632414414596.0,0.0012,2022-04-27 19:39:55.856
ALPACA,USDT,0.6347,0.2122,0.6346,13.7361,0.6349,1629133674444.0,0.9877,2022-04-19 21:11:46.685
ALPHA,USDT,0.3303,5573.9796,0.3295,6765.8989,0.33,1634950831544.0,2072.7187,2022-04-27 19:41:03.805
ALPINE,USDT,5.45,9.1722,5.438,1.7863,5.438,1649819285568.0,0.4285,2022-04-19 21:11:46.442
AMB,ETH,5.728e-06,1184.9462,5.579e-06,959.3123,5.579e-06,1614964365945.0,38.0651,2022-04-19 21:11:46.656
ANC,USDT,1.8652,100.0,1.8636,111.499,1.8636,1616259257735.0,33.501,2022-04-27 19:25:47.379
ANKR,USDT,0.0768,2500.0,0.07668,2500.0,0.07677,1617382921252.0,21.7719,2022-04-19 22:16:15.178
ANKR,BTC,1.7849e-06,6924.1638,1.7787e-06,6899.1653,1.786e-06,1613014276260.0,12.5385,2022-04-27 19:09:04.456
ANT,USDT,4.3207,21.2,4.3188,30.0,4.316,1637165259202.0,14.547,2022-04-19 21:11:46.646
APE,USDT,19.3137,351.3434,19.3038,0.3559,19.3122,1648268492247.0,6.491,2022-04-27 19:46:44.248
APL,USDT,0.00115,1497.4065,0.001141,4958.6535,0.001144,1622222038252.0,468.0689,2022-04-19 22:13:57.262
APL,BTC,2.61e-08,27910.0272,2.54e-08,27700.0,2.58e-08,1622202863692.0,10741.9,2022-04-27 19:22:08.162
AR,USDT,15.211,20.5429,15.162,12.0,15.186,1635397815379.0,0.0105,2022-05-14 22:37:37.200
ARNM,USDT,0.8042,2.018,0.8018,0.9131,0.8031,1649733958622.0,62.1672,2022-04-19 21:11:46.642
ARPA,USDT,0.068846,72.9469,0.068737,25001.4662,0.068881,1613162981225.0,5232.0576,2022-04-19 21:11:46.727
ARRR,USDT,1.7045,25.667,1.7012,51.5615,1.7012,1629155002139.0,0.7651,2022-04-19 22:16:15.179
ARRR,BTC,3.994e-05,133.4356,3.974e-05,578.7213,3.979e-05,1629134993782.0,0.3755,2022-04-27 19:43:17.379
ASTR,BTC,3.907e-06,61.2758,3.903e-06,2.3023,3.905e-06,1642692602617.0,4.0321,2022-04-27 19:44:25.036
ATOM,USDT,21.5473,60.0409,21.5472,21.5,21.5416,1617262923508.0,1.8063,2022-04-27 19:24:34.893
ATOM,ETH,0.007481,0.2418,0.007474,0.0133,0.007475,1613580842160.0,0.2194,2022-04-27 19:25:47.379
ATOM,BTC,0.00055007,6.83,0.00054981,0.0186,0.0005498,1613749795793.0,0.0128,2022-04-27 19:25:47.381
ATOM3L,USDT,0.0959,3406.104,0.0955,3357.3943,0.0955,1633904958795.0,52.0291,2022-04-19 21:11:46.657
ATOM3S,USDT,0.9028,1289.4866,0.9,2.2408,0.9037,1633893900113.0,369.054,2022-04-27 19:46:44.256
AUDIO,USDT,1.3332,195.4,1.3315,195.4,1.3324,1636614539915.0,250.0,2022-04-19 22:13:57.248
AUDIO,BTC,3.185e-05,250.0,3.179e-05,3.64,3.187e-05,1636551544704.0,3.7461,2022-04-19 21:11:46.645
AVAX,USDT,69.748,24.0,69.747,14.4023,69.75,1618046109592.0,0.053,2022-04-27 19:43:17.371
AVAX,BTC,0.00178187,10.6551,0.00177971,3.5,0.00178162,1615726473733.0,1.4558,2022-04-27 19:37:33.263
AVAX3L,USDT,0.3402,1011.2964,0.3388,2.8374,0.3388,1637228154681.0,4.9145,2022-04-27 19:42:10.146
AXS,USDT,38.837,7.5,38.813,7.5,38.818,1646975172291.0,0.0103,2022-04-27 19:38:48.608
AXS3L,USDT,0.1869,1730.4391,0.1864,3882.1138,0.1864,1634137091424.0,38.0395,2022-04-19 22:13:57.256
BADGER,USDT,9.151,12.6,9.128,51.379,9.152,1634934202179.0,0.75185751,2022-04-19 21:11:46.605
BADGER,BTC,0.0002224,55.4569,0.0002213,55.3635,0.0002219,1634905756192.0,0.025,2022-04-27 19:43:17.377
BAKE,BTC,1.955e-05,2.3701,1.946e-05,2869.6959,1.95e-05,1637225186186.0,0.1237,2022-04-19 21:11:46.545
BAKE,ETH,0.0002625,2.8444,0.0002614,5.1691,0.0002623,1637216762756.0,0.3807,2022-04-19 21:11:46.647
BAKE,USDT,0.694,5.5012,0.6929,598.4806,0.6933,1637288153138.0,0.4768,2022-04-27 19:45:31.246
BAL,ETH,0.0052,28.7375,0.005176,28.6864,0.005149,1630710535929.0,0.1204,2022-04-19 22:13:57.262
BAL,USDT,16.067,0.0932,16.009,44.2196,16.055,1630749154916.0,0.0083,2022-04-19 22:13:57.262
BAL,BTC,0.0003675,33.3949,0.0003663,46.8759,0.0003675,1630693799532.0,0.0114,2022-04-27 19:25:47.362
BASIC,USDT,0.00399,39022.3126,0.00396,1345.235,0.00397,1635497557014.0,45.2547,2022-04-27 19:46:44.254
BAT,USDT,0.6665,0.5225,0.666,360.0,0.6656,1645606485246.0,0.412,2022-04-27 19:21:01.079
BAX,ETH,1.263e-07,13108.8324,1.236e-07,7530.0826,1.255e-07,1612902950084.0,2997.0,2022-04-19 21:11:46.456
BCD,BTC,1.124e-05,133.15,1.1e-05,5.3555,1.118e-05,1612814053431.0,17.88908765,2022-04-19 21:11:46.724
BCH,BTC,0.008137,5.4265,0.008129,4.3914,0.008125,1613597376117.0,0.0025,2022-04-19 21:09:25.305
BCH,USDT,307.33,1.4829,307.27,1.0915,307.29,1615423753101.0,0.0717,2022-04-27 19:41:03.808
BCH3L,USDT,0.033501,299.9934,0.033308,9694.099,0.033656,1622195891728.0,160.9753,2022-04-19 21:00:09.426
BCH3S,USDT,2.8079,7.8758,2.799,1101.4504,2.8077,1622148553057.0,0.3562,2022-04-19 21:11:46.726
BCHSV,KCS,4.176,143.74,4.096,8.2046,4.124,1615571624861.0,0.0146,2022-04-19 21:11:46.662
BCHSV,USDT,85.589,2.374,85.483,10.374,85.542,1614210973099.0,1.10867704,2022-04-19 21:11:46.725
BCHSV,USDC,78.03,11.9658,77.96,1.2,78.15,1614088243797.0,0.8222,2022-04-27 19:37:33.277
BETA,USDT,0.34387,4.1367,0.34293,2000.0,0.34272,1649396855157.0,3.4603,2022-04-27 19:44:25.042
BMON,USDT,0.04481,41.5108,0.04455,11081.1362,0.04476,1632922656504.0,15284.333,2022-04-19 21:11:46.556
BNB,BTC,0.0099757,1.3884,0.009972,2.8884,0.0099757,1645640097323.0,0.0222,2022-04-27 19:25:47.379
BNB,KCS,20.0395,1.671,20.0082,0.0178,20.0125,1615267786146.0,0.0318,2022-04-19 22:13:57.264
BNB,USDT,391.355,4.88286134,391.354,9.65,391.35,1617306830404.0,1.9942,2022-04-27 19:45:31.234
BNB3L,USDT,2.064,55.093,2.058,159.8589,2.0751,1634726684628.0,0.52357227,2022-04-19 21:11:46.724
BNB3S,USDT,3.2896,0.2231,3.2656,103.5198,3.2884,1634728863320.0,1.2172,2022-04-19 21:11:46.424
BNC,USDT,0.6114,27.5637,0.6093,23.571,0.6093,1648702472483.0,1.0839,2022-04-27 19:44:25.042
BNT,USDT,2.1375,219.8691,2.1298,3.5279,2.1352,1630542985598.0,72.12439115,2022-04-27 19:25:47.362
BNT,BTC,5.476e-05,224.7717,5.454e-05,0.5254,5.481e-05,1631224244815.0,0.388,2022-04-27 19:39:55.862
BNT,ETH,0.000742,215.4328,0.000738,215.7053,0.000738,1630511411117.0,0.539,2022-04-27 19:22:08.162
BNX,USDT,106.056,0.0369,105.579,0.0058,105.763,1651041376127.0,0.015,2022-04-27 19:42:10.141
BOLT,USDT,0.007025,43657.7567,0.007017,16342.2432,0.007012,1612855144164.0,18209.7048,2022-04-27 19:43:17.379
BOLT,BTC,1.802e-07,43657.7567,1.784e-07,16342.2432,1.795e-07,1612794633625.0,10.5541,2022-04-27 19:43:17.377
BOND,USDT,6.82,22.6531,6.81,101.2861,6.82,1646873542302.0,0.015,2022-04-27 19:42:10.154
BOSON,USDT,0.7866,120.0,0.7846,120.0,0.7849,1618050062495.0,40.0,2022-04-27 19:44:25.033
BTC,USDT,39213.6,1.55726575,39213.5,1.96663283,39213.6,1628411055432.0,1.326e-05,2022-04-27 19:41:03.775
BTC,USDC,39222.6,0.07856453,39222.5,0.07811264,39248.8,1614327442460.0,0.0185,2022-04-27 19:41:03.802
BTC,TUSD,41301.1,0.07588426,41277.6,0.0605435,41326.7,1613371968479.0,0.003,2022-04-19 21:11:46.696
BTC,DAI,39295.3,0.01224464,39199.9,0.01224492,39198.3,1613122480031.0,2.16e-05,2022-04-27 19:45:31.256
BTC,UST,41165.8,0.017,41125.4,0.1328,41167.7,1613544707636.0,0.70822266,2022-04-19 21:11:46.405
BTC3L,USDT,0.0839,3874.7338,0.0838,223.5382,0.0839,1617944877355.0,25.8586,2022-04-27 19:43:17.377
BTC3S,USDT,1.7164,4.27,1.7137,18.5926,1.7164,1617949862774.0,14.0791,2022-05-14 22:31:26.679
BUY,BTC,3.183e-07,2859.7659,3.085e-07,4504.0,3.11e-07,1637865419098.0,1235.3672,2022-04-19 21:11:46.662
C98,USDT,1.3015,206.5722,1.2996,199.7501,1.301,1633094502859.0,10.4766,2022-04-27 19:46:44.257
CAKE,USDT,7.557,0.142,7.555,127.8246,7.557,1645550730181.0,0.0439,2022-04-27 19:22:08.163
CAPP,BTC,7.09e-08,8146.2548,6.98e-08,24467.203,7.11e-08,1612731092670.0,42.9303,2022-04-19 21:11:46.696
CARD,USDT,0.003572,2295.6603,0.003571,1182.4578,0.003571,1620358519110.0,45.8381,2022-04-27 19:19:47.433
CARR,BTC,9.77e-08,438110.2887,9.49e-08,7560.0,9.51e-08,1619217338779.0,1087.3193,2022-04-27 19:19:47.432
CARR,USDT,0.003774,789.3315,0.00374,984.6543,0.00374,1619249596540.0,242.9056,2022-04-27 19:19:47.432
CBC,USDT,0.03829,35.6073,0.03805,201.1131,0.038068,1617899770066.0,3134.5697,2022-04-19 22:16:15.181
CELO,USDT,2.8065,91.0,2.8037,70.4879,2.8044,1621166697918.0,22.6,2022-04-27 19:44:25.034
CFX,USDT,0.1586,2719.9721,0.1585,247.8561,0.1586,1648793606878.0,7.542,2022-04-27 19:42:10.141
CHR,USDT,0.437797,620.0,0.437285,620.0,0.437528,1613459257844.0,366.407,2022-04-19 22:22:25.425
CHZ,USDT,0.20574,1400.0,0.20554,8167.5437,0.20554,1616664120945.0,3.7385,2022-04-27 19:37:33.265
CHZ,BTC,5.5495e-06,1400.0,5.5306e-06,3059.2923,5.5478e-06,1613117568634.0,1.0176,2022-04-19 21:11:46.656
CIRUS,ETH,6.76e-05,0.0001,6.642e-05,141.7256,6.67e-05,1638881742310.0,576.0108,2022-04-19 21:11:46.636
CIRUS,USDT,0.20855,9.0343,0.2076,300.0,0.20793,1638432378496.0,2337.3251,2022-04-19 22:27:02.726
CIX100,USDT,0.06519,569.2508,0.06515,190.3318,0.06518,1612786534455.0,489.3339,2022-04-19 22:13:57.279
CKB,USDT,0.010018,32307.1938,0.010009,38.8449,0.009998,1612851675166.0,2557.6135,2022-04-27 19:38:48.610
CLH,USDT,0.03236,1873.0,0.03228,7500.0,0.03227,1641606856377.0,37346.6068,2022-04-27 19:42:10.138
CLV,USDT,0.3045,1701.14207964,0.3038,1716.6598,0.3045,1646895801190.0,28.81642036,2022-04-27 19:24:34.901
COV,BTC,7.5e-06,2311.2497,7.43e-06,88.6382,7.51e-06,1612786781712.0,14.67110519,2022-04-27 19:42:10.156
COV,USDT,0.2989,810.9663,0.29,10.5579,0.2982,1637109229821.0,14.48558014,2022-04-27 19:42:10.144
CPOOL,USDT,0.1609,249.8003,0.1603,1589.9012,0.1607,1635432433159.0,3167.5553,2022-04-19 21:11:46.557
CQT,USDT,0.3246,825.0128,0.3242,66.2597,0.3245,1629142503331.0,0.6969,2022-04-19 22:22:25.426
CRO,USDT,0.4159,242.3021,0.4158,3487.2816,0.4158,1650332253760.0,52.238,2022-04-19 22:13:57.255
CRO,BTC,9.95e-06,10415.5851,9.93e-06,34.3444,9.94e-06,1615383877372.0,10.7847,2022-04-27 19:41:03.826
CRPT,ETH,0.00014935,45.3219,0.00014776,51.5178,0.00014935,1612813645545.0,3.4997,2022-04-19 21:11:46.696
CRV,USDT,2.489,343.7694,2.488,147.3175,2.488,1613310932827.0,25.5248,2022-04-27 19:42:10.136
CSP,ETH,1.54e-06,1489.4814,1.48e-06,216821.423,1.49e-06,1612790338320.0,206.8547,2022-04-27 19:21:01.096
CTC,BTC,2.547e-05,0.3133,2.514e-05,434.5749,2.539e-05,1642058141254.0,57.4487,2022-04-19 21:11:46.636
CTC,USDT,1.047,170.7951,1.046,872.6453,1.046,1642058665751.0,120.1591,2022-04-19 21:11:46.436
CTI,ETH,8.23e-06,527.0,8.02e-06,4717.8629,8.04e-06,1612834100983.0,527.0,2022-04-19 21:11:46.605
CTI,USDT,0.02481,225.7265,0.0248,4717.86290697,0.0248,1612761612298.0,529.537,2022-04-19 21:11:46.706
CTSI,USDT,0.3063,417.183,0.3059,2105.4793,0.3063,1632480282186.0,1.4993,2022-04-27 19:46:44.256
CUDOS,USDT,0.02083,10505.0773,0.02077,16687.0676,0.02077,1612736082926.0,88.7215,2022-04-19 21:11:46.654
CVX,USDT,27.619,0.0251,27.52,0.0584,27.6065,1643738333456.0,0.0506,2022-04-27 19:42:10.143
CWAR,USDT,0.1574,3572.4786,0.1567,4836.3532,0.1571,1636808546843.0,479.23488224,2022-04-27 19:45:31.247
CWEB,USDT,0.02655,730.0,0.02645,730.0,0.02645,1640854182705.0,265.0217,2022-04-19 21:11:46.637
CWS,USDT,3.053,1.335,3.049,35.4898,3.053,1620401138248.0,25.3636,2022-04-19 22:15:06.832
CXO,ETH,4.38e-05,105.1127,4.23e-05,3228.1996,4.25e-05,1614961134420.0,213.8082,2022-04-27 19:45:31.256
CXO,BTC,5.7e-06,13734.9552,5.63e-06,79.5248,5.66e-06,1612741961155.0,26.2906,2022-04-19 21:11:46.456
DAG,BTC,4.4473e-06,459.0774,4.4153e-06,1443.1117,4.4495e-06,1613141494921.0,17.1522,2022-04-27 19:09:04.456
DAG,USDT,0.174371,5379.7715,0.173936,574.1351,0.174418,1613097210448.0,0.61937516,2022-04-27 19:43:17.399
DAG,ETH,6.037e-05,5908.6799,6.003e-05,315.4379,6.037e-05,1613059636139.0,38.3164,2022-04-27 19:45:31.256
DAO,USDT,2.84968,8.8541,2.84269,22.7,2.85281,1645557256004.0,6.82830262,2022-04-27 19:37:33.258
DAPPT,BTC,2.98e-08,68606.1384,2.97e-08,0.0001,2.97e-08,1612856597932.0,2776.9198,2022-04-27 19:41:03.824
DATA,USDT,0.0742,7449.3397,0.074,8246.9615,0.074,1636045533175.0,16.5564,2022-04-19 21:11:46.645
DATA,BTC,1.8e-06,1175.0862,1.78e-06,41582.2642,1.79e-06,1636026096873.0,0.0001,2022-04-19 21:11:46.545
DCR,ETH,0.0205952,7.7592,0.0205622,0.1397,0.0205622,1612927762452.0,0.002,2022-04-27 19:22:08.160
DCR,BTC,0.00153717,7.6166,0.00152262,7.6163,0.00153661,1612834406738.0,0.0044,2022-04-19 21:11:46.656
DERO,BTC,0.00031981,0.1195,0.0003177,7.0,0.0003198,1612875522181.0,3.0,2022-04-19 21:11:46.722
DERO,USDT,13.21733,12.9781,13.15249,0.2832,13.21816,1612992038960.0,0.26582142,2022-04-19 21:11:46.636
DEXE,BTC,0.0001632,16.2358,0.0001564,461.4605,0.0001571,1632825709424.0,0.213,2022-04-27 19:42:10.156
DEXE,ETH,0.00221,12.6913,0.002121,8.1658,0.002132,1632794048663.0,0.1675,2022-04-27 19:45:31.255
DEXE,USDT,5.87,1.31,5.845,0.3564,5.878,1632749921886.0,1.3627084,2022-04-19 21:11:46.656
DFI,BTC,0.00010974,1.8341,0.00010937,44.99,0.0001095,1612808592262.0,0.0126,2022-04-27 19:44:25.036
DGB,USDT,0.02546,28.1719,0.025434,8890.7843,0.02545,1613071716399.0,9034.8523,2022-04-19 22:13:57.257
DIA,BTC,2.237e-05,74.3258,2.221e-05,211.5857,2.211e-05,1612776106792.0,0.0001,2022-04-19 21:11:46.605
DODO,USDT,0.4027,6640.46774247,0.4018,5216.751,0.4027,1617923930038.0,20.67295753,2022-04-19 21:11:46.678
DOGE,USDT,0.13963,86948.0,0.13962,2999.0,0.13962,1646139294683.0,1.0,2022-04-27 19:43:17.360
DOGE,USDC,0.13904,1400.0,0.13887,5039.8792,0.13902,1645566383446.0,4779.31405553,2022-04-27 19:25:47.358
DOGE,BTC,3.563e-06,5146.4606,3.557e-06,15324.5306,3.56e-06,1645884857376.0,3215.2638,2022-04-27 19:43:17.379
DOGE3L,USDT,0.096699,11228.0,0.096334,18.663,0.096372,1631637439675.0,91.5443,2022-04-19 21:11:46.454
DOGE3S,USDT,1.5759,878.8251,1.5656,51.6792,1.5821,1631675955044.0,1.9048,2022-04-27 19:45:31.254
DOT,BTC,0.00043186,19.4769,0.0004318,8.3,0.00043193,1645650080866.0,0.0106,2022-04-27 19:41:03.807
DOT,USDT,16.928,65.0,16.9252,0.968,16.9304,1618950469335.0,59.0493,2022-04-27 19:44:25.019
DOT3L,USDT,0.1493,1183.0782,0.1483,2245.2886,0.1488,1632388576791.0,102.6227,2022-04-19 21:11:46.456
DOT3S,USDT,1.6526,212.0084,1.6412,212.0084,1.6496,1632365196672.0,17.2743,2022-04-19 21:11:46.556
DPI,USDT,181.56,0.5617,178.5,0.0015,179.77,1621622975481.0,0.0557,2022-04-19 22:27:02.722
DPR,USDT,0.0605,122.6715,0.0602,414.5936,0.0603,1636710260264.0,2061.3597,2022-04-19 21:11:46.445
DSLA,BTC,6.02e-08,245.3,5.95e-08,117901.0498,5.97e-08,1617196039978.0,4382.5907,2022-04-27 19:37:33.277
DSLA,USDT,0.00266,2873.2107,0.00265,11651.3202,0.00265,1617172879363.0,9690.1822,2022-04-19 21:11:46.577
DYDX,USDT,4.171,97.6653,4.168,796.0805,4.169,1632123752427.0,4.4548,2022-04-27 19:21:01.098
DYP,ETH,4.3e-05,25.1064,4.2e-05,45728.727,4.3e-05,1616726831233.0,2.3721,2022-04-27 19:22:08.177
EDG,BTC,1.148e-07,2319.6835,1.144e-07,5114.0419,1.148e-07,1637134940444.0,681.402,2022-04-19 21:11:46.646
EGLD,USDT,149.76,1.8692,149.73,2.2261,149.73,1631933844453.0,2.2261,2022-04-27 19:39:55.858
ELA,USDT,2.3763,21.3625,2.3565,127.7074,2.3563,1621014131294.0,313.7515,2022-04-19 22:15:06.832
ELA,BTC,7.604e-05,189.4269,7.526e-05,171.7165,7.57e-05,1612817761082.0,0.1462,2022-04-27 19:19:47.435
ELA,ETH,0.0007908,165.1924,0.0007686,189.5675,0.0007742,1612860037472.0,16.21609403,2022-04-19 21:11:46.535
ELF,ETH,0.0001102,2278.7735,0.0001096,11956.79,0.0001094,1612811010109.0,0.1768,2022-04-19 21:11:46.726
ELF,BTC,8.2e-06,2747.0341,8.17e-06,4876.5605,8.2e-06,1612765509465.0,0.3977,2022-04-19 21:11:46.726
ENQ,BTC,8.24e-07,6.2874,8.21e-07,365.8108,8.23e-07,1612787821836.0,8227.0,2022-04-19 21:11:46.577
ENS,USDT,18.665,17.1349,18.62,17.0,18.663,1636763058930.0,0.1349,2022-04-27 19:42:10.146
EOS,USDC,2.5927,67.91,2.5904,10.413,2.5904,1614124595396.0,10.413,2022-04-19 21:11:46.478
EOS,BTC,6.326e-05,267.6513,6.322e-05,2.6364,6.327e-05,1613852550813.0,2.2552,2022-04-19 22:27:02.726
EOS,USDT,2.6127,1200.0,2.6123,0.5558,2.6128,1616119006389.0,248.82569142,2022-04-19 22:27:02.728
EOS3L,USDT,0.006435,18000.0,0.006394,8871.1149,0.006398,1622228078378.0,15133.2183,2022-04-27 19:38:48.626
EOS3S,USDT,1.0056,251.2569,0.9985,343.2265,0.9959,1622168661409.0,0.2747,2022-04-19 22:22:25.427
EPIK,USDT,0.0675,617.04719631,0.0673,61.3516,0.0675,1638558063974.0,152.97777777,2022-04-19 21:11:46.537
EPK,USDT,0.05266,6176.57529256,0.05235,4762.0607,0.05235,1651026666058.0,32.7624,2022-04-27 19:09:04.459
EQX,USDT,0.0718,2026.069,0.0715,915.1895,0.0715,1631271244267.0,134.1845,2022-04-19 22:22:25.426
ERG,USDT,3.7058,22.0,3.6963,22.0,3.6973,1628240895486.0,16.0,2022-04-27 19:37:33.270
ERG,BTC,0.0001059,9.5984,0.0001051,6.8,0.000105,1628188112553.0,2.5218,2022-04-19 21:11:46.536
ERTHA,USDT,0.0416,37382.58699231,0.0415,5263.7455,0.0415,1642740888463.0,2417.8473,2022-04-27 19:44:25.036
ETC,BTC,0.0009024,18.775405,0.0009014,0.558646,0.0009034,1613342734715.0,0.010315,2022-04-19 21:11:46.636
ETC,ETH,0.012122,18.77509,0.012109,0.72461,0.012109,1613432932518.0,2e-06,2022-04-19 21:11:46.626
ETC,USDT,31.1617,15.0,31.1484,39.503661,31.1512,1614831295333.0,4.107984,2022-04-27 19:19:47.430
ETH,USDT,2886.25,21.0908848,2886.24,9.4623838,2886.25,1626725174423.0,0.0147456,2022-04-27 19:43:17.347
ETH,DAI,2889.53,0.1591905,2882.13,0.1590863,2877.17,1613224953279.0,0.0762306,2022-04-27 19:19:47.435
ETH,TUSD,2887.31,0.8661536,2885.62,0.2425785,2887.69,1613552405604.0,0.0742556,2022-04-27 19:43:17.376
ETH,BTC,0.073936,9.32,0.073935,8.219497,0.073935,1615564552534.0,0.2459193,2022-05-02 22:13:15.845
ETH,PAX,2890.6,0.1333514,2885.6,0.2425525,2890.72,1613275326104.0,0.00371475,2022-04-27 19:44:25.035
ETH,UST,2881.9,0.0790805,2880.01,0.0235195,2883.6,1613784229320.0,0.0235195,2022-04-27 19:24:34.905
ETH3L,USDT,0.2547,7705.78590821,0.254,1308.0123,0.2543,1618271208871.0,16.538,2022-04-19 22:16:15.178
ETH3S,USDT,0.007457,114236.3694,0.007436,1000.0,0.007456,1618069061919.0,1000.0,2022-04-27 19:25:47.377
ETN,USDT,0.0050293,479.5158,0.0050119,13900.0,0.0050109,1612934814087.0,3067.5375,2022-04-27 19:25:47.380
EXRD,USDT,0.1267,1109.7693,0.1263,652.3006,0.1263,1646880687577.0,1.1602,2022-04-27 19:38:48.625
FALCONS,USDT,0.0335,28080.5317,0.0334,829.9994,0.0334,1639749689331.0,3.1951,2022-04-19 21:11:46.537
FEAR,USDT,0.3793,204.8852,0.3787,34.7368,0.3793,1622204868886.0,8.4646,2022-04-27 19:43:17.378
FET,BTC,8e-06,22.7372,7.99e-06,280.1847,8.01e-06,1612844910117.0,0.6176,2022-04-27 19:38:48.626
FIL,USDT,17.7312,0.7995,17.7281,1.49,17.7343,1614689019632.0,1.49,2022-04-27 19:41:03.809
FKX,BTC,1.0352e-06,1600.3454,1.0195e-06,8606.8447,1.0199e-06,1612857542137.0,548.39,2022-04-19 21:11:46.677
FKX,USDT,0.04234,1343.8461,0.04231,5336.6964,0.04231,1620929667679.0,548.39,2022-04-19 21:11:46.533
FKX,ETH,1.381e-05,1395.4796,1.347e-05,970.858,1.352e-05,1612847183681.0,491.766,2022-04-19 22:13:57.277
FLOW,BTC,0.0001441,80.9559,0.0001435,432.7937,0.0001443,1631644747507.0,0.4215,2022-04-19 21:11:46.555
FLUX,USDT,1.5749,228.12273796,1.5731,410.0,1.5749,1617623760498.0,1.40745444,2022-05-03 12:20:58.493
FLY,USDT,0.003111,109536.7892,0.0031,739971.6295,0.0031,1620321370993.0,37540.8828,2022-04-19 22:15:06.832
FORESTPLUS,USDT,0.0093573,149.8646,0.0093151,259.4953,0.0093353,1645520035413.0,5676.8189,2022-04-19 21:11:46.679
FORTH,USDT,6.1524,117.8879,6.14,7.8657,6.14,1619504688099.0,0.1113,2022-04-19 21:11:46.732
FRA,USDT,0.01151,54412.264,0.0115,22954.7498,0.01151,1649732060052.0,183.2673,2022-04-27 19:42:10.142
FRM,USDT,0.0732,3122.8513,0.0731,2764.5801,0.0731,1612715292316.0,83.0,2022-04-19 21:11:46.436
FRONT,USDT,0.5355,886.2067,0.535,50.0,0.5355,1612912850114.0,81.7732,2022-04-19 22:27:02.723
FTM,USDT,0.36203,31.828,0.36176,2918.1717,0.36202,1620957499700.0,1.9446,2022-05-14 22:37:37.188
FTM3L,USDT,0.013229,59620.0,0.013155,109.883,0.013225,1634265110561.0,52.7848,2022-04-27 19:39:55.858
FTM3S,USDT,0.276,14284.708,0.2754,2.5255,0.2765,1634244603012.0,206.8606047,2022-04-27 19:46:44.256
FTT,USDT,43.309,10.0,43.264,10.0,43.286,1632595834601.0,0.0231,2022-04-19 21:11:46.458
FTT,BTC,0.0010109,25.313,0.0010091,52.6536,0.0010091,1632501561289.0,0.0169,2022-04-27 19:42:10.156
FXS,BTC,0.0007021,75.8178,0.0007011,0.1575,0.0007027,1636632320781.0,0.0522,2022-04-27 19:45:31.247
FXS,USDT,34.612,8.99,34.545,8.99,34.632,1636658309338.0,0.54747054,2022-04-19 21:11:46.646
GAL,USDT,6.414,49.554,6.396,47.7081,6.415,1651789205498.0,0.2733,2022-05-14 22:27:26.461
GALAX,USDT,0.17191,5860.0,0.17189,2070.7788,0.17188,1639583411547.0,580.63998138,2022-04-27 19:44:25.036
GALAX3L,USDT,0.008792,35670.098,0.008784,717.6474,0.008784,1638479800113.0,0.0001,2022-04-19 21:11:46.637
GALAX3S,USDT,3.7631,3.0817957,3.7575,94.8235,3.7631,1638463632643.0,0.0006043,2022-04-19 21:11:46.639
GAS,BTC,0.00012409,26.5046,0.00012381,1.5893,0.00012381,1645526354709.0,0.4927,2022-04-19 22:27:02.722
GAS,USDT,5.1923,91.2893,5.1623,205.5518,5.1865,1615172553944.0,9.4,2022-04-19 21:11:46.663
GHST,USDT,1.9046,0.81607207,1.8969,3.6982,1.9046,1635335554193.0,0.1346,2022-04-19 21:11:46.536
GLMR,USDT,2.9943,105.0,2.992,82.0,2.996,1642101801064.0,4.07022696,2022-04-27 19:44:25.040
GLQ,USDT,0.01026,244.7447,0.01021,259.836,0.01023,1621369535800.0,161.2473,2022-04-19 21:11:46.677
GMB,ETH,3.224e-07,36526.2347,3.068e-07,109396.2856,3.169e-07,1612851802437.0,10883.3,2022-04-19 22:22:25.426
GMB,USDT,0.000806,190.8917,0.000801,10030.0,0.000807,1618960975931.0,530.4695,2022-04-27 19:19:47.432
GMB,BTC,2.39e-08,21340.1491,2.36e-08,2187615.6779,2.37e-08,1612724336803.0,591.7658,2022-04-19 21:11:46.626
GMEE,USDT,0.0472,5218.5215,0.0469,15699.8121,0.047,1629149545145.0,11815.9025,2022-04-27 19:41:03.805
GMT,USDT,3.8031,762.6678,3.8016,266.6493,3.803,1648372684649.0,0.26273994,2022-04-27 19:45:31.246
GODS,USDT,0.9378,211.0,0.9356,426.6636,0.9331,1638227493554.0,295.2543,2022-04-27 19:42:10.139
GOM2,USDT,0.0365,364.1044,0.03625,2749.8969,0.03649,1612749377928.0,1957.971,2022-04-27 19:43:17.396
GOM2,BTC,9.5e-07,1417.8452,9.2e-07,440.3305,9.3e-07,1612699483705.0,390.0146,2022-04-27 19:38:48.596
GOVI,BTC,2.181e-05,33.7,2.156e-05,26.4286,2.156e-05,1620866220902.0,0.5506,2022-04-19 21:11:46.731
GOVI,USDT,0.8805,9.5057,0.8774,2.1958,0.8805,1620852499937.0,85.5516,2022-04-19 22:15:06.832
GRT,USDT,0.36809,0.3538,0.36801,4500.4431,0.36804,1613665742466.0,13.0652,2022-04-27 19:37:33.260
GRT,KCS,0.0144,1031.8428,0.01429,1100.0,0.01426,1615289391810.0,500.0,2022-05-14 22:27:26.462
GST,USDT,2.9668,10.8783,2.9627,0.6373,2.9735,1651221096640.0,19.3267,2022-05-14 22:27:26.461
GTC,USDT,5.5017,93.4404,5.4885,85.4679,5.5017,1631340232849.0,0.3702,2022-04-27 19:24:34.898
GTC,BTC,0.00014807,78.6027,0.00014756,78.8012,0.00014866,1631211201904.0,0.7638,2022-04-19 21:11:46.596
HAI,BTC,1.1499e-06,2091.0,1.1268e-06,2708.4877,1.1398e-06,1646889606782.0,107.2799,2022-04-27 19:45:31.254
HAI,USDT,0.05248,918.6123,0.05241,840.0,0.05252,1619237729900.0,275.7625,2022-04-19 22:15:06.832
HAKA,USDT,0.054,5339.6625,0.0538,11535.1058,0.054,1628654950685.0,187.3,2022-04-19 21:11:46.637
HAPI,USDT,15.7483,1.8428,15.693,8.2896,15.7483,1629256291733.0,4.2944,2022-04-27 19:43:17.406
HBAR,USDT,0.16944,12615.9693,0.16933,1450.0,0.16936,1631890479337.0,2321.9091,2022-04-27 19:25:47.360
HEGIC,USDT,0.01585,871.6299,0.01575,55.2088,0.01575,1636584374282.0,16.4211,2022-04-19 21:11:46.645
HERO,USDT,0.02899,2100.0,0.02898,10999.9998,0.02894,1635746359275.0,157.681,2022-04-27 19:39:55.857
HOTCROSS,USDT,0.06344,4254.0,0.06335,162.5917,0.06335,1621830466784.0,0.0194,2022-05-14 22:31:26.678
ICP,USDT,15.34,108.926,15.33,173.7744,15.33,1621621240128.0,68.3602,2022-04-27 19:44:25.033
ICP,BTC,0.000387,0.0041,0.000386,511.077,0.000386,1621934354676.0,0.004,2022-04-27 19:19:47.432
IMX,USDT,1.7103,0.0666,1.7092,186.3,1.7079,1638324318801.0,7.033,2022-04-27 19:45:31.243
INJ,USDT,4.223,0.147,4.218,40.0,4.23,1634788002229.0,370.7324,2022-04-27 19:23:20.478
IOI,USDT,0.7296,1.8942,0.7254,31.0415,0.7289,1629136715916.0,1.3627,2022-04-19 22:13:57.279
IOST,ETH,1.0156e-05,19561.3136,1.0102e-05,20834.6325,1.0114e-05,1613050670127.0,2555.4289,2022-04-19 21:11:46.722
IOST,USDT,0.03117,10455.259,0.03113,20752.3136,0.03115,1617007681636.0,9555.259,2022-04-19 21:11:46.678
IOST,BTC,7.559e-07,10455.259,7.529e-07,50.885,7.536e-07,1613050736744.0,165.4365,2022-04-19 21:11:46.731
IOTA,USDT,0.6161,1117.0,0.6153,705.0433,0.6153,1640968895849.0,21.6546,2022-04-27 19:44:25.037
IOTA,BTC,1.636e-05,0.0001,1.634e-05,3.7219,1.636e-05,1640957089202.0,471.3583,2022-04-19 21:11:46.636
IOTX,USDT,0.06988,798.6295,0.06985,7411.3617,0.06987,1629309782286.0,65.4761,2022-04-27 19:44:25.037
ISP,USDT,0.002512,30780.0,0.002503,605.4973,0.002502,1636176805707.0,5418.4903,2022-04-27 19:42:10.145
ITAMCUBE,USDT,0.4021,474587.8391,0.402,347.7769,0.4021,1650853743192.0,529.04,2022-04-27 19:46:44.259
JAR,BTC,9.37e-08,6221.8414,9.3e-08,2055.1048,9.32e-08,1612803768668.0,43.3055,2022-04-27 19:43:17.378
JASMY,USDT,0.02102,532512.3382,0.02101,48.3389,0.02101,1635667942618.0,54.4664,2022-04-27 19:46:44.240
JST,USDT,0.07286064,3400.0,0.07280284,3400.0,0.07283397,1612915858870.0,1846.8259,2022-04-19 21:11:46.712
JUP,ETH,4.03e-06,23416.0898,4e-06,25221.5976,4.01e-06,1622656687156.0,68.115,2022-04-27 19:42:10.154
KAI,BTC,7.117e-07,156.8302,7.052e-07,5096.942,7.117e-07,1612934885973.0,10.0,2022-04-27 19:43:17.397
KAT,BTC,4.55e-08,18895.3641,4.51e-08,357917.5358,4.52e-08,1612767752648.0,18888.6217,2022-04-19 21:11:46.522
KCS,BTC,0.0005053,0.347,0.0005051,0.0593,0.0005053,1613704012211.0,0.0136,2022-04-19 21:11:46.723
KCS,USDT,20.857,70.6339,20.856,25.2437,20.857,1648093747182.0,1.47480462,2022-04-19 21:11:46.467
KDA,BTC,0.00011965,29.4186,0.00011918,446.5299,0.00011905,1620988573598.0,0.443,2022-04-27 19:26:54.335
KDA,USDT,4.7024,37.0024,4.6953,12.4053,4.7024,1621602267804.0,0.487,2022-04-27 19:39:55.842
KLV,BTC,8.73e-07,14136.8251,8.71e-07,5708.6109,8.72e-07,1645515183633.0,1995.0975,2022-04-27 19:21:01.096
KLV,USDT,0.03423,3470.0,0.03419,8270.3698,0.03423,1645534727820.0,4001.0,2022-04-27 19:43:17.397
KMD,USDT,0.487,62.6249,0.486,372.7315,0.487,1646877047241.0,54.4996,2022-04-19 21:11:46.596
KNC,ETH,0.0019197,0.162,0.0019142,83.1629,0.0019183,1612836686892.0,0.1622,2022-04-27 19:21:01.096
KNC,USDT,5.594,181.00034105,5.574,199.7442,5.594,1650944742018.0,0.46835895,2022-04-27 19:39:55.859
KOL,ETH,1.011e-05,1000.0,1.003e-05,1000.0,1.002e-05,1639666352197.0,20.1057,2022-04-19 21:11:46.636
KRL,USDT,0.79695,125.3109,0.79522,30.0,0.79738,1616009361273.0,40.7841,2022-04-27 19:25:47.362
KRL,BTC,2.047e-05,90.0,2.04e-05,0.0001,2.04e-05,1615915208546.0,118.6403,2022-04-27 19:39:55.862
KSM,USDT,157.9992,1.569,157.83,2.3,157.7851,1613795055266.0,1.0022,2022-04-27 19:39:55.855
KSM,BTC,0.00423013,2.7504,0.00421938,0.1009,0.00422795,1613232282224.0,0.0115,2022-04-19 21:11:46.654
LAVAX,USDT,0.0343,904.5077,0.03372,67.0,0.03372,1646365599965.0,14.5442,2022-04-19 21:11:46.442
LAYER,USDT,0.1608,98.1634,0.1601,11734.6063,0.1607,1616555578773.0,5649.4,2022-04-27 19:21:01.078
LINA,BTC,6.82e-07,48503.0,6.77e-07,4357.3586,6.8e-07,1638954399830.0,12.498,2022-04-19 21:11:46.636
LINK,USDT,12.7205,32.008,12.7177,73.4922,12.7174,1616780342192.0,0.0411,2022-04-27 19:38:48.613
LINK,BTC,0.00032435,32.008,0.00032403,55.1315,0.00032403,1613658775762.0,0.0058,2022-04-27 19:38:48.607
LINK,USDC,12.7249,18.9302,12.6984,52.406,12.7147,1613668027696.0,0.1181,2022-04-27 19:43:17.406
LINK3S,USDT,3.2708,307.3611,3.2555,31.1234,3.2697,1632405327770.0,4.4825,2022-04-27 19:46:44.256
LIT,USDT,1.4274,1.2048,1.4243,614.8883,1.427,1637688551895.0,0.1189,2022-04-19 22:13:57.249
LITH,ETH,1.19e-06,5000.0,1.18e-06,44854.4107,1.18e-06,1628187224894.0,362.4189,2022-04-27 19:44:25.035
LITH,USDT,0.003444,3719.24743711,0.003418,408.1686,0.003444,1628243449302.0,2048.9978,2022-04-27 19:44:25.036
LOCG,USDT,0.05686,2.7041,0.05683,29.9254,0.05686,1620150638272.0,19.1727,2022-04-27 19:19:47.433
LOKI,ETH,0.0001931,247.3688,0.0001929,496.2907,0.0001931,1612997263595.0,76.0581,2022-04-27 19:43:17.396
LOKI,BTC,1.491e-05,2.3807,1.486e-05,3.0728,1.488e-05,1612879875766.0,186.9507,2022-04-19 21:11:46.607
LOKI,USDT,0.55988,105.3106,0.55906,0.2664,0.55988,1613004142807.0,34.1044,2022-04-27 19:24:34.905
LOOKS,USDT,1.6759,698.6359,1.6758,0.6476,1.676,1648879914982.0,1.3641,2022-04-19 21:11:46.642
LRC,ETH,0.00030797,809.0,0.00030579,743.3318,0.00030656,1636790165308.0,19.3544,2022-04-19 21:11:46.644
LRC,BTC,2.29e-05,530.9537,2.284e-05,2.546,2.29e-05,1636748115290.0,1.0698,2022-04-19 21:11:46.645
LRC,USDT,0.9428,869.9795,0.9426,3.3368,0.9427,1614153594755.0,44.6175,2022-04-19 21:11:46.720
LSS,USDT,0.52203,3.3507,0.51901,936.8707,0.51901,1629255270528.0,54.7959,2022-04-27 19:21:01.081
LTC,USDT,100.441,20.79882112,100.44,0.40862,100.441,1616936094003.0,2.41379088,2022-04-27 19:43:17.361
LTC,USDC,100.33,0.0001,100.29,1.0685,100.33,1614083560804.0,0.8893,2022-04-27 19:19:47.424
LTC,BTC,0.002728,1.372945,0.002727,1.506569,0.002728,1613917399968.0,0.001733,2022-04-19 22:13:57.254
LTC,ETH,0.03482,8.468791,0.03478,1.42431,0.03479,1613594352991.0,0.27581438,2022-04-27 19:42:10.155
LTC3S,USDT,0.7369,0.3242,0.7333,433.1998,0.7411,1622814789510.0,1.8059641,2022-04-19 22:16:15.177
LTO,BTC,5.74e-06,0.0533,5.73e-06,597.8403,5.72e-06,1635763680586.0,1.5326,2022-04-19 21:11:46.680
LUNA,BTC,0.00227489,16.3319,0.00227454,5.5,0.00227478,1614789934535.0,5.4991,2022-04-27 19:43:17.389
LUNA,KCS,4.7223,7.7158,4.7213,0.0162,4.7216,1615364638065.0,0.0267,2022-05-02 22:13:15.868
LUNA,UST,93.4236,5.0231,93.3493,31.4018,93.3533,1613714541642.0,1.0684,2022-04-19 21:11:46.506
LUNA,ETH,0.030486,6.0,0.030463,6.0,0.030463,1638741186919.0,0.0008,2022-04-19 21:11:46.723
LUNA,USDT,89.1344,0.4754,89.1343,555.2591,89.1344,1623988075338.0,21.0,2022-04-27 19:41:03.799
LUNA3L,USDT,2.0475,1.0944,2.0447,6.9578,2.0447,1631357517512.0,1.0933,2022-04-19 21:11:46.614
LUNA3S,USDT,0.478625,5.9425,0.477143,60.8166,0.478561,1631353556157.0,3.7255,2022-04-27 19:41:03.807
LYM,USDT,0.004707,5291.0874,0.004701,4402.8421,0.004706,1612835455979.0,5724.994,2022-04-27 19:43:17.396
MAHA,USDT,3.5945,0.1557,3.5726,14.344,3.5797,1622029949436.0,0.3981,2022-04-27 19:43:17.378
MANA,USDT,1.2646,288.0,1.26399,134.4833,1.26468,1618700888911.0,251.8186,2022-05-14 22:37:37.187
MANA3L,USDT,0.1654,2222.1868,0.1651,9.0002,0.1654,1637203405423.0,155.4245,2022-04-19 21:11:46.545
MANA3S,USDT,1.8162,1.9583,1.8095,31.7328,1.8102,1637242394119.0,138.755,2022-04-27 19:42:10.145
MAP,BTC,5.965e-07,3679.1463,5.843e-07,1727.0842,5.913e-07,1612786050033.0,144.0531,2022-04-19 21:11:46.496
MARSH,USDT,0.4264,0.7601,0.4257,586.0959,0.4262,1629152189552.0,208.932,2022-04-19 21:11:46.678
MASK,USDT,4.2124,14.3964,4.2079,37.0,4.2109,1614604135979.0,1.79211095,2022-04-27 19:25:47.364
MATIC,USDT,1.445,3515.6365,1.4449,61.8024,1.4454,1624140337115.0,1.3995,2022-04-19 22:13:57.235
MATIC,BTC,3.208e-05,50.8954,3.206e-05,0.2853,3.208e-05,1621533195014.0,0.2002,2022-04-27 19:44:25.032
MATIC3S,USDT,0.2192,1459.7141,0.2177,1561.202,0.2188,1634837432415.0,24.0359,2022-04-19 22:22:25.424
MATTER,USDT,0.401,496.678,0.4008,82.49,0.4009,1632823277341.0,1.7337,2022-04-27 19:45:31.256
MELOS,USDT,0.13795,310.0,0.13735,63.5406,0.1376,1647505390065.0,3331.9256,2022-04-27 19:42:10.144
MEM,USDT,0.07725,17912.0126,0.07715,7921.7501,0.07729,1629114620518.0,2139.5985,2022-04-19 21:11:46.632
METIS,USDT,58.9,0.017,58.62,1.544,58.89,1646312029843.0,1.11428906,2022-04-27 19:26:54.342
MFT,USDT,0.00798,128469.48793484,0.00796,37788.2998,0.00798,1637671463133.0,1423.43926516,2022-04-27 19:42:10.145
MITX,BTC,8.67e-07,740.4667,8.57e-07,521.0,8.61e-07,1645508399830.0,237.4994,2022-04-27 19:09:04.456
MJT,KCS,0.048884,96.42,0.04878,348.38,0.048885,1644592106066.0,145.09,2022-04-19 21:11:46.542
MJT,USDT,1.02,191.26,1.0183,135.0157,1.0192,1644693928901.0,106.17,2022-04-19 21:11:46.443
MKR,ETH,0.5794,0.2767,0.575,0.6845,0.573,1612925247613.0,0.0015,2022-04-27 19:43:17.396
MKR,DAI,1847.85,0.1312,1823.78,0.1315,1835.82,1613024988585.0,0.0022,2022-04-19 21:11:46.496
MNST,USDT,0.02075,69175.15497826,0.02065,20946.7946,0.02066,1629158725889.0,19820.91,2022-04-19 22:16:15.178
MONI,USDT,0.1716,838.7451,0.1713,453.7452,0.1716,1637321147973.0,12.0,2022-04-19 21:11:46.545
MOVR,ETH,0.01616,0.0052,0.016126,15.6686,0.016127,1638484062188.0,0.1936,2022-04-27 19:22:08.163
MOVR,USDT,46.663,6.7,46.5995,7.5,46.5593,1638524992546.0,0.3257,2022-04-27 19:25:47.366
MTL,BTC,6.816e-05,8.643,6.811e-05,54.2715,6.816e-05,1628825196882.0,2.6955,2022-04-27 19:44:25.036
MTL,USDT,2.6722,106.3,2.6713,57.1018,2.6724,1628898299419.0,0.0001,2022-04-27 19:44:25.037
MTRG,USDT,5.218,0.2868,5.192,0.5809,5.194,1635844585287.0,4.3191,2022-04-19 21:11:46.632
MTV,USDT,0.0039355,8863.0,0.0039215,31041.1578,0.0039215,1612988604849.0,40000.0,2022-04-19 20:59:06.432
MTV,BTC,9.6e-08,28752.5071,9.4e-08,42441.7477,9.5e-08,1612906247406.0,4108.8114,2022-04-19 21:11:46.626
MTV,ETH,1.28e-06,24583.1988,1.26e-06,28338.8281,1.27e-06,1612956773877.0,23289.8291,2022-04-19 21:11:46.726
MXC,USDT,0.07702,8000.0,0.07664,50.6541,0.0772,1621491511273.0,40.3055,2022-05-14 22:31:26.678
MXW,USDT,0.006224,599.2,0.006112,59716.1,0.00611,1612717570204.0,81385.4,2022-04-19 21:11:46.722
NAKA,USDT,0.2535,111.3,0.2517,111.3,0.253,1634471976410.0,135.1779,2022-04-27 19:25:47.361
NEAR,BTC,0.00042,0.7821,0.0004197,3.658,0.0004197,1629395284058.0,1.401,2022-04-19 22:16:15.196
NEAR,USDT,12.8862,87.682,12.8853,38.3933,12.8857,1647396268931.0,110.0,2022-04-27 19:41:03.802
NEAR3L,USDT,0.6137,24.0598,0.6117,1688.215,0.6129,1636001503804.0,1.2783,2022-04-27 19:25:47.364
NEAR3S,USDT,0.334133,429.2055,0.334088,51.375,0.334088,1636017379588.0,2.1094,2022-04-27 19:25:47.383
NEO,USDT,21.9917,12.0,21.9778,0.030986,21.9778,1613586457537.0,0.01581,2022-04-19 22:13:57.256
NEO,BTC,0.0004845,0.046832,0.0004843,0.063686,0.0004843,1613195859432.0,0.05446,2022-04-27 19:45:31.254
NEO,ETH,0.006581,0.0855,0.006573,0.103202,0.006583,1613371912586.0,0.002756,2022-04-27 19:42:10.154
NEO,KCS,1.049,0.109342,1.047,12.904809,1.048,1613025714829.0,0.385245,2022-04-19 21:11:46.554
NFT,USDT,1.557e-06,695108044.6258,1.556e-06,1274458728.6416,1.556e-06,1629266960673.0,94814977.2183,2022-04-27 19:25:47.379
NFTB,USDT,0.0815,11.7632,0.0811,438.453,0.081,1634807784352.0,84.7242,2022-04-19 22:13:57.263
NGL,USDT,0.594,5.7536,0.586,5.7536,0.59,1638572179746.0,205.593,2022-04-27 19:19:47.436
NGL,BTC,1.834e-05,9.393,1.801e-05,20.0,1.818e-05,1638546237477.0,8.5545,2022-04-19 21:11:46.636
NHCT,USDT,0.2255,8700.7957,0.2243,5821.4136,0.2257,1649656888118.0,129.7918,2022-04-27 19:26:54.343
NIM,USDT,0.0027238,3304.2073,0.0027128,601.0143,0.0027128,1612968314192.0,521.3796,2022-04-27 19:24:34.906
NOIA,USDT,0.142215,11.7638,0.141849,393.0,0.14163,1612844559396.0,1.9516,2022-04-19 22:22:25.425
NORD,BTC,2.299e-05,89.0,2.259e-05,14.4275,2.281e-05,1636135104332.0,150.309,2022-04-27 19:26:54.345
NTVRK,USDT,1.0261,13.02,1.0244,97.5418,1.0266,1634218136978.0,28.836,2022-04-27 19:39:55.858
NULS,BTC,1.176e-05,386.862969,1.174e-05,44.940725,1.174e-05,1612808846145.0,0.363412,2022-04-19 21:11:46.535
NULS,ETH,0.0001446,178.599233,0.0001389,490.8,0.0001435,1612865399672.0,348.247604,2022-04-27 19:44:25.035
NWC,USDT,0.273585,25.104,0.273185,23.266,0.272911,1613016909770.0,25.019,2022-04-19 21:11:46.398
NYM,USDT,1.0691,477.6567,1.0652,19.4522,1.0632,1651042843447.0,6.2747,2022-04-27 19:44:25.042
ODDZ,USDT,0.08197,26.0677,0.08172,186.4757,0.08172,1638413334119.0,23.5243,2022-04-27 19:41:03.823
OGN,BTC,1.588e-05,734.3379,1.583e-05,116.5128,1.588e-05,1621046797261.0,0.1049,2022-04-19 21:11:46.677
OGN,USDT,0.5354,6348.2032,0.5348,781.2695,0.5354,1621207365387.0,19.22058274,2022-04-27 19:37:33.278
OMG,USDT,2.479,618.2847,2.474,354.6374,2.473,1618344271223.0,0.6775,2022-05-14 22:31:26.678
ONE,BTC,3.05e-06,43985.3155,3.03e-06,81954.7042,3.04e-06,1613414286673.0,1.0729,2022-04-19 22:16:15.178
ONE,USDT,0.102398,2402.0,0.102298,2402.0,0.102338,1615151796992.0,1.0011,2022-04-27 19:21:01.085
OOKI,BTC,3.331e-07,6192.1496,3.262e-07,331101.914,3.243e-07,1640881315737.0,229.482,2022-04-19 21:11:46.636
OOKI,USDT,0.01359,47448.7027,0.01354,15597.5847,0.01356,1640852157348.0,1979.3625,2022-04-19 21:11:46.636
OPCT,USDT,0.15544,5.3831,0.15459,3.9683,0.15459,1629159245124.0,1.9924,2022-04-27 19:19:47.433
ORN,USDT,3.2784,66.0,3.272,66.0,3.2758,1612952427140.0,60.97673674,2022-04-19 21:11:46.637
OUSD,USDT,0.9972,503.7528,0.9966,67106.5105,0.9965,1620999894313.0,5.2276,2022-04-19 21:11:46.678
OXT,BTC,5.59e-06,4523.8697,5.55e-06,2669.467,5.55e-06,1631539399242.0,1.4544,2022-04-27 19:42:10.154
OXT,ETH,7.58e-05,4263.1461,7.53e-05,2762.8791,7.56e-05,1631720362382.0,1.2216,2022-04-27 19:43:17.397
PAXG,USDT,1957.47,0.345,1957.14,0.0057,1957.14,1636568953083.0,0.0007,2022-04-19 21:11:46.646
PBX,USDT,0.007617,340.8462,0.007577,1430.0,0.00761,1631904995667.0,3153.7451,2022-04-19 22:13:57.259
PDEX,USDT,4.2064,0.0001,4.1993,30.3692,4.2064,1618668792943.0,0.6107,2022-04-27 19:19:47.433
PEL,USDT,0.055,139.6105,0.0547,143.3296,0.0547,1638874061810.0,42.7341,2022-04-19 21:11:46.636
PEOPLE,USDT,0.0539,388539.3095,0.0537,288333.6987,0.0538,1640256999156.0,0.3397,2022-04-19 21:11:46.436
PHA,USDT,0.2676,4004.059,0.2672,6.7667,0.2672,1614416799172.0,1107.3542,2022-04-19 22:13:57.263
PHNX,BTC,4.299e-07,3928.4833,4.109e-07,1039.0,4.254e-07,1618941500024.0,3.8455,2022-04-19 21:11:46.731
PHNX,USDT,0.01316,16.7137,0.013,11300.9481,0.01307,1618964567207.0,20693.768,2022-04-27 19:19:47.432
PIVX,ETH,8.11e-05,8.69297,8.09e-05,77.93549,8.09e-05,1612808525555.0,3.49796,2022-04-19 21:11:46.378
PLATO,USDT,0.02549,1973.37506567,0.02533,155.485,0.02541,1650610858897.0,258.337,2022-04-27 19:42:10.142
PLD,USDT,0.2476,21.25,0.2465,25.7466,0.2476,1651026728157.0,4.5132,2022-04-27 19:09:04.459
PMON,USDT,3.8675,4.0,3.8614,3.887,3.8688,1627619201794.0,0.2801,2022-04-27 19:19:47.436
POL,USDT,0.05074,41.3623,0.05062,220.5628,0.05069,1612761064408.0,5558.2182,2022-04-19 21:11:46.655
POLK,USDT,0.2217,6.4955,0.2206,4.5453,0.2216,1615996194945.0,13.2691,2022-04-19 21:11:46.663
POLS,BTC,3.565e-05,32.6242,3.554e-05,67.8356,3.564e-05,1629132391297.0,8.781,2022-04-19 22:15:06.832
POLS,USDT,1.4655,45.0,1.4625,68.2156,1.465,1629184289656.0,0.3466,2022-04-19 21:11:46.632
POWR,ETH,0.0001669,146.15538,0.0001662,4528.939995,0.0001668,1612799571218.0,0.121757,2022-04-27 19:41:03.822
PUNDIX,BTC,2.188e-05,6059.3851,2.155e-05,367.257,2.195e-05,1618032806394.0,0.104,2022-04-19 21:11:46.431
PYR,BTC,0.0002529,19.4162,0.0002523,0.3355,0.0002537,1622129730025.0,0.3082,2022-04-27 19:23:20.477
PYR,USDT,13.2122,23.0,13.2004,23.0,13.2015,1622299409640.0,41.4846,2022-04-19 21:11:46.709
QI,BTC,1.273e-06,508.7927,1.27e-06,37347.9111,1.272e-06,1638403284753.0,2300.9433,2022-04-19 21:11:46.622
QI,USDT,0.05267,1900.0,0.05255,1900.0,0.05257,1638435467039.0,1306.2649,2022-04-19 21:11:46.723
QNT,USDT,115.454,2.6,115.429,0.0173,115.441,1645559839702.0,0.0108,2022-04-19 21:11:46.629
QRDO,USDT,2.0962,275.9246,2.095,1.3155,2.0962,1630641349318.0,59.7922,2022-04-19 21:11:46.464
REAP,USDT,0.077331,20.5265,0.076842,5580.2617,0.077211,1612843444935.0,3008.3953,2022-04-27 19:38:48.606
REEF,USDT,0.00969,18534.7395,0.00968,79771.0797,0.00968,1634667034985.0,190.3957,2022-04-19 21:11:46.656
REN,USDT,0.3883,1670.5312,0.3879,70.9683,0.3884,1613050489327.0,15.9713,2022-04-19 21:11:46.542
REP,USDT,14.088,0.096,14.022,28.8,14.04,1630538929304.0,0.096,2022-04-19 21:11:46.662
REP,ETH,0.004607,8.0963,0.004558,6.5931,0.004587,1630530314286.0,4.1389,2022-04-19 21:11:46.662
REQ,USDT,0.2248,740.0,0.2245,241.5977,0.2246,1638485638609.0,116.1008,2022-04-19 21:11:46.536
REQ,ETH,7.1e-05,4771.2475,7.07e-05,622.9856,7.06e-05,1613129208114.0,9.9501,2022-04-27 19:41:03.822
REVU,USDT,0.1082,44.4481,0.1077,22.3748,0.1078,1641531663236.0,1661.0071,2022-04-19 21:11:46.636
RFUEL,USDT,0.020158,2440.6433,0.020011,1884.0915,0.020137,1612734976451.0,15105.5649,2022-04-27 19:38:48.605
RLC,BTC,4.991e-05,233.6094,4.964e-05,234.2447,4.98e-05,1631272237163.0,36.9,2022-04-19 21:11:46.726
RLC,USDT,2.0708,226.3998,2.0652,103.2991,2.0689,1631311087982.0,0.1173,2022-04-19 22:22:25.427
RMRK,USDT,15.0616,12.0,15.0044,72.0,15.0202,1632944409240.0,4.8054,2022-04-19 21:11:46.460
RNDR,BTC,3.783e-05,1.1953,3.78e-05,20.2113,3.786e-05,1616098937018.0,33.1617,2022-04-27 19:25:47.378
ROSE,USDT,0.21884,1150.0,0.21877,1055.9,0.2188,1613437966245.0,1.508,2022-04-27 19:41:03.809
ROSN,USDT,0.0828,12647.602,0.0824,31167.0942,0.0825,1623173706556.0,121.7982,2022-04-19 22:13:57.256
RPC,ETH,4.173e-06,31966.394,4.14e-06,33216.8965,4.207e-06,1649308562269.0,15.0,2022-04-27 19:42:10.141
RSR,BTC,2.885e-07,33994.469,2.867e-07,5283.0671,2.848e-07,1637846678799.0,44.5766,2022-04-27 19:26:54.345
RUNE,USDT,7.637,0.2645,7.6342,167.0,7.6356,1633299875125.0,9.2273,2022-04-27 19:25:47.361
RUNE,BTC,0.00022438,20.0,0.000224,19.7057,0.000224,1632921790527.0,0.2943,2022-04-19 22:13:57.256
SAND,USDT,2.52894,150.0,2.52857,150.0,2.52773,1619535001148.0,16.6517,2022-04-27 19:43:17.382
SAND3L,USDT,0.4625,629.2543,0.4578,3823.6285,0.4611,1636579388040.0,19.3259,2022-04-27 19:45:31.255
SAND3S,USDT,0.044592,8732.9285,0.044348,10971.0715,0.044441,1636605739341.0,5000.0,2022-04-27 19:42:10.145
SDAO,ETH,0.0005446,710.301,0.0005422,761.5358,0.0005422,1631105907913.0,7.2848,2022-04-19 21:11:46.522
SDN,ETH,0.000371,550.6949,0.00037,16.7737,0.000366,1630426914457.0,95.4022,2022-04-19 22:13:57.262
SFP,BTC,1.981e-05,1.1918,1.973e-05,90.1214,1.982e-05,1637750261978.0,0.0001,2022-04-19 21:11:46.545
SFP,USDT,0.8177,2192.5318,0.8161,449.752,0.8171,1637773947757.0,0.7969,2022-04-19 21:11:46.645
SHA,USDT,0.003247,2647.87072085,0.003229,23008.0429,0.003247,1612954649225.0,4756.1,2022-04-27 19:24:34.905
SHA,BTC,7.37e-08,8000.0,7.26e-08,51696.0,7.28e-08,1612886148380.0,1862.9808,2022-04-19 21:11:46.505
SHIB,USDT,2.344e-05,1090496.1051,2.343e-05,2564316316.7273,2.343e-05,1623002841126.0,42863416.0569,2022-04-27 19:42:10.133
SHIB,DOGE,0.00017714,214967.4766,0.00017657,3907496.0127,0.0001771,1635893630488.0,2.48e-06,2022-04-19 21:11:46.722
SHR,USDT,0.004658,309.6365,0.004653,463.7723,0.004658,1612929397788.0,1580.516,2022-04-27 19:24:34.906
SHX,USDT,0.003087,36567.6593,0.003082,12910.4464,0.003082,1644997671691.0,54096.6192,2022-04-19 21:11:46.542
SKEY,USDT,0.04456,57.4522,0.04425,790.9875,0.04425,1616191312707.0,70.0,2022-04-19 22:16:15.178
SKL,USDT,0.203,695.1306,0.2028,5072.2379,0.2029,1631179781306.0,18.5506,2022-04-19 22:15:06.832
SKL,BTC,4.86e-06,2422.3532,4.83e-06,3550.4371,4.84e-06,1631043292686.0,3091.3116,2022-04-19 21:11:46.731
SKU,BTC,1.5e-06,609.6396,1.46e-06,2408.0651,1.48e-06,1632762416912.0,1.1862,2022-04-27 19:45:31.255
SLP,USDT,0.01388,149592.65,0.01387,155050.5627,0.01388,1628513824986.0,8066.3,2022-04-27 19:25:47.356
SNT,ETH,2.09e-05,3095.1421,2.07e-05,31716.6604,2.07e-05,1612770895272.0,595.5884,2022-04-27 19:41:03.826
SNX,ETH,0.0019697,3.50978806,0.0019678,9.82e-06,0.0019678,1613403699122.0,0.67941,2022-04-19 21:11:46.722
SNX,BTC,0.00014699,64.0,0.00014655,8.32e-06,0.00014655,1613290695870.0,0.165,2022-04-19 21:11:46.722
SNX,USDT,6.053502,251.52394919,6.047138,64.0,6.04543,1613424075185.0,0.44601483,2022-04-19 21:11:46.727
SNX,UST,6.048067,91.6234,6.015901,86.69,6.080702,1612931710478.0,114.786,2022-04-19 21:11:46.726
SOL,USDT,98.36,18.7029,98.359,0.1682,98.36,1630943461140.0,0.012,2022-04-27 19:43:17.368
SOL,UST,98.513,0.152,98.284,9.1984,98.023,1639754257469.0,2.92946553,2022-04-27 19:44:25.036
SOL3L,USDT,0.102507,1924.3141,0.102212,23.3186,0.102505,1631903473523.0,248.6984,2022-04-19 22:13:57.257
SOL3S,USDT,1.1045,680.9753,1.1013,2.6982,1.1034,1631849313860.0,328.514,2022-04-27 19:39:55.857
SOLVE,USDT,0.07733,18.5748,0.07708,1019.1463,0.07708,1631907175791.0,221.9017,2022-04-19 21:11:46.564
SON,USDT,0.002615,5674.0547,0.0026,4327.7038,0.002613,1647414356876.0,22506.279,2022-04-27 19:44:25.042
SOS,USDT,1.001e-06,292130723.9357,9.98e-07,1036748827.1216,1.001e-06,1640684611822.0,81848212.0274,2022-04-27 19:44:25.036
SOUL,USDT,0.6535,40.1132046,0.6528,1.6949,0.653,1646884720485.0,33.4291,2022-04-27 19:39:55.856
SPELL,USDT,0.00424,23521.1102,0.004233,242.0672,0.004234,1649306925885.0,20084.7362,2022-04-19 21:11:46.665
SRK,BTC,2.66e-08,2684.3104,2.63e-08,5703.422,2.64e-08,1614612969721.0,157.9659,2022-04-27 19:22:08.162
SRM,USDT,2.436,191.1606,2.434,0.3076,2.436,1638327888789.0,1.5005,2022-04-19 21:11:46.536
STC,BTC,1.156e-07,11713.275,1.121e-07,3199.7235,1.115e-07,1629133129077.0,64692.1336,2022-04-19 21:11:46.431
STG,USDT,1.2021,681.8,1.1986,2.1388,1.2009,1648251765072.0,23.4375,2022-04-27 19:45:31.245
STORJ,ETH,0.000439,454.1997,0.0004339,1368.4029,0.0004376,1630726986405.0,36.0398,2022-04-19 21:11:46.635
STORJ,USDT,1.3427,177.814,1.34,193.366,1.3387,1630848746469.0,1.0793,2022-04-19 21:11:46.437
STORJ,BTC,3.263e-05,1.8172,3.243e-05,1.8211,3.25e-05,1630715824007.0,1.8172,2022-04-19 21:11:46.635
STRK,BTC,0.00098997,3.1,0.00098588,3.1,0.00098653,1620450698839.0,0.0185,2022-04-19 21:11:46.731
STRONG,USDT,27.599,1.92,27.455,1.92,27.509,1645551599007.0,1.92,2022-04-27 19:22:08.160
STX,USDT,1.2091,391.2569,1.2073,190.0,1.2101,1612870548840.0,0.1542,2022-04-19 21:11:46.555
SUN,USDT,0.0145,96909.9942,0.01449,60031.2642,0.01449,1629151058461.0,640.6415,2022-04-19 21:11:46.454
SUPER,USDT,0.5139,1146.7298,0.5132,30.1304,0.5144,1635561661021.0,3993.9187,2022-04-27 19:38:48.606
SUPER,BTC,1.315e-05,275.7401,1.308e-05,1.6091,1.305e-05,1635431577672.0,6.1437,2022-04-27 19:43:17.405
SURV,USDT,0.013861,72.0977,0.013831,3958.6702,0.01385,1643422063133.0,15.5354,2022-04-27 19:46:44.248
SUSD,ETH,0.0003602,56.3879,0.0003434,224.7441,0.0003457,1613117049601.0,0.3183,2022-04-27 19:41:03.822
SUSD,USDT,0.996099,20.2268,0.992742,100.477,0.992737,1612774552810.0,0.1506,2022-04-19 22:27:02.722
SUSHI,USDT,3.338,285.4918,3.336,683.888,3.34,1613629340786.0,2.002,2022-04-19 22:27:02.728
SUSHI3L,USDT,0.010574,16176.0384,0.010522,31394.122,0.010558,1635965977972.0,15.9616,2022-04-19 22:13:57.262
SUSHI3S,USDT,51.2865,0.7194,50.8287,0.7194,51.2859,1635946046839.0,0.5845,2022-05-14 22:27:26.462
SUTER,USDT,0.0022259,2192.5011,0.0022089,2050.5708,0.0022174,1612773124167.0,2192.5011,2022-04-19 21:11:46.555
SWASH,USDT,0.03289,5200.0,0.03255,63.8232,0.03291,1635539059569.0,15704.67327608,2022-04-19 21:11:46.524
SWINGBY,USDT,0.01078,105.6515962,0.01075,10676.2846,0.01078,1614900051871.0,37.0193,2022-04-19 22:13:57.263
SXP,USDT,1.1155,108.06,1.1141,338.06,1.1169,1613451930990.0,0.0128,2022-04-27 19:38:48.623
TARA,ETH,1.785e-06,13572.2104,1.747e-06,60059.0552,1.736e-06,1616535815720.0,406.7402,2022-04-19 22:16:15.177
TEL,BTC,1.215e-07,13971.51,1.209e-07,36236.26,1.213e-07,1613809482247.0,791.42,2022-04-27 19:41:03.822
TEL,USDT,0.0047499,20340.0,0.00474124,25850.6565,0.0047419,1613539858242.0,44526.6045,2022-04-27 19:43:17.382
TEL,ETH,1.648e-06,6873.09,1.643e-06,17633.39,1.647e-06,1613340906180.0,3712.0,2022-04-27 19:41:03.822
TFUEL,USDT,0.1682,897.4145,0.168,37.0465,0.1681,1646198064458.0,5.94,2022-04-19 21:11:46.550
THETA,USDT,3.1025,190.0,3.1021,28.0393,3.1024,1614200811028.0,28.0393,2022-04-19 21:11:46.711
TIME,ETH,0.0209594,18.684,0.0209346,3.0,0.0209384,1612882032463.0,2.94,2022-04-19 21:11:46.625
TIME,BTC,0.00156202,1e-06,0.00155712,6.0,0.00155872,1612845064807.0,6.0,2022-04-19 21:11:46.625
TIME,USDT,64.464,0.2074,64.369,3.0,64.408,1640713898968.0,0.6712,2022-04-19 21:11:46.638
TITAN,USDT,3.089,35.731,3.082,4.3249,3.087,1649217385790.0,385.37,2022-04-19 21:11:46.451
TKO,USDT,0.7459,109.0,0.7435,45.5143,0.7435,1635872081208.0,15.4804,2022-04-19 21:11:46.525
TKY,ETH,7.54e-08,200489.466,6.88e-08,2078855.4279,7.07e-08,1612864862912.0,215.208,2022-04-27 19:38:48.624
TLM,BTC,2.258e-06,1.5,2.244e-06,34306.5341,2.241e-06,1632784545385.0,161.8827,2022-04-27 19:09:04.459
TLM,USDT,0.1,2101.9915,0.0999,304.1708,0.1,1632882148441.0,2.4378,2022-04-19 21:11:46.457
TLOS,USDT,0.64912,445.0,0.64723,10.1541,0.64666,1621378555405.0,140.0,2022-04-27 19:37:33.278
TLOS,BTC,1.713e-05,0.553,1.705e-05,6.6847,1.705e-05,1621270082757.0,1.9349,2022-04-19 21:11:46.679
TOMO,ETH,0.0003727,152.7577,0.0003699,1702.8612,0.0003715,1613122737196.0,0.1123,2022-04-19 21:11:46.626
TOMO,BTC,2.777e-05,764.808,2.766e-05,4.3424,2.773e-05,1612911269490.0,4.3424,2022-04-19 21:11:46.724
TONE,ETH,9.97e-06,23.6014,9.95e-06,852.6885,9.95e-06,1612737671260.0,14.8421,2022-04-27 19:24:34.905
TONE,BTC,7.387e-07,39.7165,7.3e-07,265.2283,7.374e-07,1612760414181.0,164.6272,2022-04-27 19:41:03.806
TOWER,BTC,4.64e-07,897.1939,4.53e-07,4388.3919,4.6e-07,1619808353223.0,972.4323,2022-04-27 19:19:47.433
TRADE,USDT,0.1899,13052.2208,0.1892,17.7336,0.1894,1637320003945.0,1067.3258,2022-04-19 21:11:46.645
TRIAS,BTC,0.00013913,42.2073,0.00013877,121.7689,0.00013913,1645556094446.0,19.353,2022-04-19 22:27:02.724
TRIAS,USDT,5.62986,22.8,5.61681,0.3131,5.63042,1645590502981.0,4.06691181,2022-04-19 21:11:46.432
TRX,KCS,0.003328,8.7173,0.003319,10555.728,0.003331,1615892788401.0,15.01050735,2022-04-27 19:39:55.862
TRX,USDT,0.063105,86349.2646,0.063104,15661.6627,0.063111,1616286611534.0,3.1987,2022-04-27 19:19:47.426
TRX,BTC,1.524e-06,54613.2723,1.521e-06,11239.0347,1.523e-06,1613678546113.0,34.3255,2022-04-19 21:11:46.424
TWT,USDT,1.2171,349.5981,1.2144,448.105,1.217,1637101822294.0,2.2379,2022-04-19 21:11:46.446
TXA,USDT,1.9948,154.4178,1.9909,50.1807,1.9921,1638389905921.0,174.5406,2022-04-19 21:11:46.443
UMA,USDT,5.63,155.5265,5.616,263.5798,5.626,1612846225044.0,0.0179,2022-04-27 19:41:03.805
UMB,USDT,0.0873,88.60729657,0.087,4009.0322,0.0873,1632403134025.0,1143.18900343,2022-04-19 22:13:57.256
UNB,USDT,0.00576,84799.3548,0.005722,1414.3584,0.005759,1639473249581.0,6800.0,2022-04-19 21:11:46.436
UNI,KCS,0.452,30.0,0.4507,0.3768,0.4517,1615509344052.0,2.1477,2022-04-19 21:11:46.563
UNI3L,USDT,0.0234,214538.0073,0.023086,14278.3264,0.023225,1633869568865.0,43.8243,2022-04-27 19:46:44.256
UNI3S,USDT,18.8451,28.8136,18.7527,0.6501,18.8353,1633847406365.0,2.1743,2022-04-27 19:45:31.255
UNO,USDT,0.1747,154.7942,0.1742,389.2,0.1746,1622236649874.0,4.2575,2022-04-27 19:19:47.427
UOS,BTC,2.174e-05,0.1141,2.171e-05,21.3604,2.172e-05,1612772812928.0,0.313,2022-04-27 19:24:34.906
UOS,USDT,1.05059,33.8,1.05009,1.0701,1.05049,1612944176107.0,0.3395,2022-04-19 21:11:46.708
URUS,USDT,55.071,0.2015,54.995,4.9798,55.014,1648619560892.0,3.7071,2022-04-27 19:44:25.042
USDT,DAI,1.0001,33759.9232583,1.0,12062.135173,1.0001,1612733201297.0,996.0,2022-04-19 21:11:46.626
USDT,USDC,1.0002,90237.79913039,1.0001,633964.349776,1.0002,1612877193878.0,238.993715,2022-04-19 22:27:02.726
UTK,BTC,6.07e-06,332.534,6.05e-06,12.0435,6.07e-06,1612792714555.0,56.67,2022-04-19 21:11:46.524
VAI,USDT,0.03709,299.9541,0.03663,74.5568,0.03706,1648527739839.0,2733.8027,2022-04-27 19:46:44.255
VEED,BTC,8.24e-08,8810.0,7.99e-08,18.3748,7.97e-08,1629115219361.0,1597.3116,2022-04-27 19:44:25.035
VEGA,ETH,0.0012211,142.7232,0.0011919,42.4592,0.0011963,1634894557555.0,0.6124,2022-04-27 19:23:20.479
VET,USDT,0.0519092,8500.0,0.0519019,8500.0,0.051919,1616486581756.0,6700.0,2022-04-27 19:44:25.031
VET,BTC,1.471e-06,6941.1417,1.468e-06,11551.3531,1.471e-06,1615855761761.0,30.8842,2022-04-19 21:11:46.724
VET,ETH,1.8e-05,5620.0,1.797e-05,30192.4122,1.799e-05,1613500269614.0,177.5224,2022-04-27 19:38:48.624
VET3L,USDT,0.852253,3.5877,0.842697,7202.8805,0.851727,1623061642022.0,6.6488,2022-04-27 19:37:33.278
VET3S,USDT,0.5474,896.0948,0.5451,11.0921,0.5453,1623005714068.0,68.6492,2022-04-27 19:43:17.377
VID,BTC,2.62e-06,4.2733,2.61e-06,9526.7048,2.62e-06,1629195329307.0,0.3989,2022-04-27 19:21:01.080
VID,USDT,0.10252,190.127,0.10231,932.86,0.10234,1612906555450.0,6.0,2022-04-27 19:25:47.378
VIDT,USDT,0.4389,45560.9277,0.4376,592.0304,0.4378,1612798974248.0,1.6575,2022-04-19 21:11:46.613
VLX,USDT,0.1458,2618.9274,0.1447,2586.8119,0.1454,1637361101481.0,232.14,2022-04-27 19:42:10.146
VR,USDT,0.12304,1950.0,0.12303,5.4494,0.12304,1638614368756.0,4592.0026,2022-04-27 19:45:31.241
VRA,USDT,0.01706997,18000.0,0.01706562,1738.0447,0.01707319,1630165241186.0,200.0,2022-04-27 19:44:25.031
VRA,BTC,5.081e-07,20472.4441,5.064e-07,21559.8226,5.065e-07,1613156734050.0,179.2027,2022-04-19 21:11:46.723
WAN,BTC,1.13e-05,280.9862,1.126e-05,230.8129,1.13e-05,1612831538189.0,12.097,2022-04-19 21:11:46.524
WAVES,USDT,16.0377,17.8622,16.0315,15.3556,16.0376,1613561793378.0,2.06,2022-04-27 19:19:47.427
WAVES,BTC,0.00041077,367.8059,0.00040962,29.9105,0.00041022,1629367934565.0,0.2059,2022-04-27 19:38:48.624
WAX,USDT,0.2733,784.0,0.2732,3943.5621,0.2733,1618556749351.0,504.0,2022-04-19 22:15:06.832
WAX,BTC,6.62e-06,612.2938,6.61e-06,2911.9552,6.62e-06,1612878092395.0,5.4154,2022-04-19 21:11:46.724
WILD,USDT,0.9888,2889.79650341,0.986,3.0,0.9888,1630389510568.0,59.69099659,2022-04-27 19:25:47.364
WIN,BTC,7.1e-09,3323385.0692,7e-09,44197285.3382,7.1e-09,1612907470706.0,30491.8521,2022-04-19 21:11:46.656
WMT,USDT,0.444,956.41,0.4428,16.79,0.4435,1645650415944.0,8.664,2022-04-27 19:46:44.256
WNCG,USDT,0.5344,4.6092,0.5324,500.0,0.533,1631936959729.0,0.5222,2022-04-27 19:46:44.256
WNCG,BTC,1.364e-05,200.0,1.357e-05,200.0,1.364e-05,1631894643660.0,1.1231,2022-04-27 19:39:55.855
WNXM,USDT,27.516,0.069,27.451,5.0,27.481,1637068041707.0,2.2322,2022-04-27 19:42:10.145
WOO,USDT,0.41481,600.0,0.41449,600.0,0.41472,1630560053353.0,26.76646894,2022-04-27 19:23:20.468
WRX,USDT,0.5956,241.7392,0.5929,360.2164,0.5956,1635886183734.0,0.2608,2022-04-19 22:16:15.178
WSIENNA,USDT,4.6154,1.467,4.6109,0.0356,4.6109,1634091994898.0,0.1994,2022-04-19 21:11:46.656
WXT,USDT,0.008795,229.0831,0.008767,210.2693,0.008772,1612825844723.0,229.0831,2022-04-27 19:23:20.478
XCAD,USDT,3.0133,242.6086,3.0092,4.09116132,3.01,1622329030157.0,16.2084,2022-04-19 21:11:46.626
XCN,USDT,0.09199,1087.5476,0.09179,2785.8497,0.09179,1648899313313.0,177.8567,2022-04-27 19:42:10.142
XCUR,BTC,2.502e-05,18.1741,2.486e-05,5.3743,2.502e-05,1629121708278.0,0.1,2022-04-19 21:11:46.477
XCUR,USDT,1.038,69.8557,1.032,550.0,1.033,1629160356908.0,0.1,2022-04-19 21:11:46.681
XDB,USDT,0.28528024,6.55501409,0.28477459,39.3294,0.28486107,1612868348399.0,40.7216,2022-04-27 19:39:55.858
XEC,USDT,9.135e-05,13768000.0,9.118e-05,11999.999,9.128e-05,1639443635191.0,539806.8346,2022-04-19 21:11:46.536
XED,USDT,0.2024,7.7531,0.2016,10924.8961,0.202,1635501723771.0,2923.0655,2022-04-27 19:46:44.255
XEM,USDT,0.101018,2330.5723,0.100743,8927.7097,0.100878,1645525246428.0,4788.1268,2022-04-19 22:13:57.279
XEM,BTC,2.36e-06,44971.6338,2.34e-06,31814.125,2.35e-06,1613120163632.0,1.4474,2022-04-27 19:25:47.378
XHV,BTC,7.85e-05,64.4698,7.79e-05,120.6886,7.86e-05,1629150432217.0,0.0181,2022-04-27 19:25:47.362
XHV,USDT,3.071,71.6331,3.055,26.735,3.055,1612849675529.0,0.1257,2022-04-27 19:22:08.158
XLM,USDT,0.18418,2896.004,0.184179,2150.0,0.184192,1616142634555.0,126.97736058,2022-04-27 19:44:25.029
XLM,KCS,0.00965,44.4887,0.00964,160.4329,0.00964,1629165712487.0,140.8101,2022-04-19 22:13:57.262
XLM,BTC,4.7e-06,8182.4799,4.69e-06,35880.9766,4.69e-06,1613768647073.0,0.4034,2022-04-27 19:41:03.824
XMR,USDT,227.74,3.2123,227.7,0.1052,227.74,1617494838490.0,0.0183,2022-04-27 19:43:17.379
XMR,ETH,0.08321,0.9372,0.08309,0.0472,0.08324,1629279184275.0,0.0603,2022-04-19 21:11:46.725
XMR,BTC,0.005821,1.0575,0.005816,1.0362,0.005821,1613166552103.0,0.7577,2022-04-27 19:41:03.825
XNL,USDT,0.1328,589.38703621,0.132,1617.3748,0.1323,1631851500642.0,1405.8957,2022-04-19 22:13:57.256
XNO,USDT,1.907,182.3693,1.904,1.698,1.906,1645605439253.0,5.7258,2022-04-27 19:26:54.342
XPR,USDT,0.01095,65385.1798,0.01093,116144.7763,0.01094,1638471254251.0,28895.0811,2022-04-19 21:11:46.623
XRP,BTC,1.662e-05,22.0762,1.661e-05,6537.0571,1.661e-05,1614120214163.0,0.612,2022-04-27 19:41:03.824
XRP,USDC,0.65187,385.0,0.65182,80.4672,0.65184,1614195498135.0,292.0835,2022-04-27 19:43:17.380
XRP,ETH,0.0002258,2291.4333,0.0002257,7.7525,0.0002256,1613805869273.0,0.2447,2022-04-27 19:41:03.824
XRP,USDT,0.41797,3379.9997,0.4179,213.5379,0.41793,1621863516708.0,1810.4865,2022-05-14 22:31:26.659
XRP3L,USDT,0.053509,21094.7451405,0.053204,20.8615,0.053509,1631161554386.0,14816.3320595,2022-04-27 19:38:48.603
XRP3S,USDT,12.7023,24.4003,12.603,0.5264,12.7189,1631117779442.0,0.5264,2022-04-27 19:43:17.377
XTM,USDT,0.11544,20.1123,0.11541,985.2607,0.11543,1636712977280.0,726.2786,2022-04-27 19:45:31.249
XTZ,USDT,2.813,130.0,2.81166,0.169,2.81167,1614021625055.0,0.1034,2022-04-27 19:43:17.382
XTZ,BTC,7.746e-05,206.514,7.738e-05,0.4295,7.74e-05,1613425996785.0,0.111,2022-04-19 22:13:57.278
XYO,USDT,0.01782,6020.0,0.0178,5713.5959,0.0178,1631276602979.0,372.9511,2022-04-19 21:11:46.397
YFI,USDT,17724.5,0.011151,17720.51,1.5e-05,17717.31,1613451226225.0,1.4e-05,2022-04-27 19:41:03.806
YGG,USDT,2.067,140.0222,2.0641,383.2223,2.067,1631086687461.0,0.4487,2022-04-19 22:22:25.425
YOP,USDT,0.208,98.2318,0.204,604.3921,0.2036,1629138804712.0,780.4808,2022-04-19 22:16:15.177
ZEC,BTC,0.0037822,22.3623,0.0037762,4.7685,0.0037821,1613344951600.0,0.0089,2022-04-27 19:25:47.385
ZEC,USDT,148.961,3.3667,148.841,4.7,148.827,1613793516739.0,2.3117,2022-04-27 19:43:17.390
ZIL,USDT,0.094,1828573.36314896,0.0939,72208.1048,0.094,1618334235517.0,22262.0,2022-04-27 19:25:47.378
ZIL,ETH,3.26e-05,5183.4111,3.25e-05,54275.8856,3.25e-05,1613382950033.0,108.1585,2022-04-27 19:41:03.824
ZIL,BTC,2.4e-06,5622.1785,2.39e-06,77070.9592,2.4e-06,1613237183642.0,1.1471,2022-04-27 19:41:03.824
ZRX,BTC,1.754e-05,664.2621,1.742e-05,671.5328,1.745e-05,1612849822482.0,14.0163,2022-04-19 21:11:46.624
